{
    "avg_prec": 0.1570962876465723,
    "roc_auc": 0.869090909090909
}