{
    "avg_prec": 0.5926449119148958,
    "roc_auc": 0.9603762084748492
}