{
    "avg_prec": 0.2588679245283019,
    "roc_auc": 0.9290909090909091
}